{
  "subset": "FD001",
  "sensors": [
    "sensor_2",
    "sensor_3",
    "sensor_4",
    "sensor_7",
    "sensor_8",
    "sensor_9",
    "sensor_11",
    "sensor_12",
    "sensor_13",
    "sensor_14",
    "sensor_15",
    "sensor_17",
    "sensor_20",
    "sensor_21"
  ],
  "min": [
    641.21,
    1571.04,
    1382.25,
    549.85,
    2387.9,
    9021.73,
    46.85,
    518.69,
    2387.88,
    8099.94,
    8.3249,
    388.0,
    38.14,
    22.8942
  ],
  "max": [
    644.53,
    1616.91,
    1441.49,
    556.06,
    2388.56,
    9244.59,
    48.53,
    523.38,
    2388.56,
    8293.72,
    8.5848,
    400.0,
    39.43,
    23.6184
  ],
  "range": [
    3.3199999999999363,
    45.87000000000012,
    59.24000000000001,
    6.209999999999923,
    0.6599999999998545,
    222.86000000000058,
    1.6799999999999997,
    4.689999999999941,
    0.6799999999998363,
    193.77999999999975,
    0.2599,
    12.0,
    1.2899999999999991,
    0.7241999999999997
  ],
  "n_train_rows": 20631,
  "n_engines": 100,
  "note": "Global Min-Max fit on train_FD001.txt (single operating condition). Replicates data_loader._normalise_sensors(condition_aware=False). Used by RULPredictor._normalise() at inference time so online normalisation matches training."
}