{
  "subset": "FD003",
  "sensors": [
    "sensor_2",
    "sensor_3",
    "sensor_4",
    "sensor_7",
    "sensor_8",
    "sensor_9",
    "sensor_11",
    "sensor_12",
    "sensor_13",
    "sensor_14",
    "sensor_15",
    "sensor_17",
    "sensor_20",
    "sensor_21"
  ],
  "min": [
    640.84,
    1564.3,
    1377.06,
    549.61,
    2386.9,
    9017.98,
    46.69,
    517.77,
    2386.93,
    8099.68,
    8.1563,
    388.0,
    38.17,
    22.8726
  ],
  "max": [
    645.11,
    1615.39,
    1441.16,
    570.49,
    2388.6,
    9234.35,
    48.44,
    537.4,
    2388.61,
    8290.55,
    8.5705,
    399.0,
    39.85,
    23.9505
  ],
  "range": [
    4.269999999999982,
    51.090000000000146,
    64.10000000000014,
    20.879999999999995,
    1.699999999999818,
    216.3700000000008,
    1.75,
    19.629999999999995,
    1.680000000000291,
    190.86999999999898,
    0.41419999999999924,
    11.0,
    1.6799999999999997,
    1.0779000000000032
  ],
  "n_train_rows": 24720,
  "n_engines": 100,
  "note": "Global Min-Max fit on train_FD003.txt (single operating condition). Replicates data_loader._normalise_sensors(condition_aware=False). Used by RULPredictor._normalise() at inference time so online normalisation matches training."
}